<annotation>
	<folder>New folder</folder>
	<filename>pic34.jpg</filename>
	<path>C:\Users\Viren\Desktop\Freelancer\New folder\dataset\dataset\dark\New folder\pic34.jpg</path>
	<source>
		<database>Unknown</database>
	</source>
	<size>
		<width>256</width>
		<height>144</height>
		<depth>3</depth>
	</size>
	<segmented>0</segmented>
	<object>
		<name>Mask</name>
		<pose>Unspecified</pose>
		<truncated>0</truncated>
		<difficult>0</difficult>
		<bndbox>
			<xmin>56</xmin>
			<ymin>29</ymin>
			<xmax>106</xmax>
			<ymax>81</ymax>
		</bndbox>
	</object>
	<object>
		<name>Mask</name>
		<pose>Unspecified</pose>
		<truncated>1</truncated>
		<difficult>0</difficult>
		<bndbox>
			<xmin>217</xmin>
			<ymin>7</ymin>
			<xmax>256</xmax>
			<ymax>66</ymax>
		</bndbox>
	</object>
	<object>
		<name>Mask</name>
		<pose>Unspecified</pose>
		<truncated>0</truncated>
		<difficult>0</difficult>
		<bndbox>
			<xmin>40</xmin>
			<ymin>36</ymin>
			<xmax>70</xmax>
			<ymax>84</ymax>
		</bndbox>
	</object>
</annotation>
