<annotation>
	<folder>New folder</folder>
	<filename>pic49.jpg</filename>
	<path>C:\Users\Viren\Desktop\Freelancer\New folder\dataset\dataset\dark\New folder\pic49.jpg</path>
	<source>
		<database>Unknown</database>
	</source>
	<size>
		<width>256</width>
		<height>144</height>
		<depth>3</depth>
	</size>
	<segmented>0</segmented>
	<object>
		<name>Mask</name>
		<pose>Unspecified</pose>
		<truncated>0</truncated>
		<difficult>0</difficult>
		<bndbox>
			<xmin>80</xmin>
			<ymin>51</ymin>
			<xmax>99</xmax>
			<ymax>74</ymax>
		</bndbox>
	</object>
	<object>
		<name>Mask</name>
		<pose>Unspecified</pose>
		<truncated>0</truncated>
		<difficult>0</difficult>
		<bndbox>
			<xmin>129</xmin>
			<ymin>14</ymin>
			<xmax>150</xmax>
			<ymax>40</ymax>
		</bndbox>
	</object>
	<object>
		<name>Mask</name>
		<pose>Unspecified</pose>
		<truncated>0</truncated>
		<difficult>0</difficult>
		<bndbox>
			<xmin>153</xmin>
			<ymin>2</ymin>
			<xmax>171</xmax>
			<ymax>26</ymax>
		</bndbox>
	</object>
	<object>
		<name>Mask</name>
		<pose>Unspecified</pose>
		<truncated>0</truncated>
		<difficult>0</difficult>
		<bndbox>
			<xmin>223</xmin>
			<ymin>3</ymin>
			<xmax>253</xmax>
			<ymax>39</ymax>
		</bndbox>
	</object>
	<object>
		<name>Mask</name>
		<pose>Unspecified</pose>
		<truncated>0</truncated>
		<difficult>0</difficult>
		<bndbox>
			<xmin>62</xmin>
			<ymin>11</ymin>
			<xmax>83</xmax>
			<ymax>33</ymax>
		</bndbox>
	</object>
	<object>
		<name>Mask</name>
		<pose>Unspecified</pose>
		<truncated>0</truncated>
		<difficult>0</difficult>
		<bndbox>
			<xmin>187</xmin>
			<ymin>15</ymin>
			<xmax>201</xmax>
			<ymax>31</ymax>
		</bndbox>
	</object>
</annotation>
