<annotation>
	<folder>New folder</folder>
	<filename>pic52.jpg</filename>
	<path>C:\Users\Viren\Desktop\Freelancer\New folder\dataset\dataset\dark\New folder\pic52.jpg</path>
	<source>
		<database>Unknown</database>
	</source>
	<size>
		<width>256</width>
		<height>192</height>
		<depth>3</depth>
	</size>
	<segmented>0</segmented>
	<object>
		<name>Mask</name>
		<pose>Unspecified</pose>
		<truncated>0</truncated>
		<difficult>0</difficult>
		<bndbox>
			<xmin>44</xmin>
			<ymin>63</ymin>
			<xmax>87</xmax>
			<ymax>112</ymax>
		</bndbox>
	</object>
	<object>
		<name>Mask</name>
		<pose>Unspecified</pose>
		<truncated>0</truncated>
		<difficult>0</difficult>
		<bndbox>
			<xmin>97</xmin>
			<ymin>63</ymin>
			<xmax>134</xmax>
			<ymax>112</ymax>
		</bndbox>
	</object>
	<object>
		<name>Mask</name>
		<pose>Unspecified</pose>
		<truncated>0</truncated>
		<difficult>0</difficult>
		<bndbox>
			<xmin>173</xmin>
			<ymin>51</ymin>
			<xmax>218</xmax>
			<ymax>99</ymax>
		</bndbox>
	</object>
</annotation>
