<annotation>
	<folder>New folder</folder>
	<filename>pic60.jpg</filename>
	<path>C:\Users\Viren\Desktop\Freelancer\New folder\dataset\dataset\dark\New folder\pic60.jpg</path>
	<source>
		<database>Unknown</database>
	</source>
	<size>
		<width>162</width>
		<height>256</height>
		<depth>3</depth>
	</size>
	<segmented>0</segmented>
	<object>
		<name>NoMask</name>
		<pose>Unspecified</pose>
		<truncated>0</truncated>
		<difficult>0</difficult>
		<bndbox>
			<xmin>41</xmin>
			<ymin>110</ymin>
			<xmax>78</xmax>
			<ymax>158</ymax>
		</bndbox>
	</object>
	<object>
		<name>Mask</name>
		<pose>Unspecified</pose>
		<truncated>0</truncated>
		<difficult>0</difficult>
		<bndbox>
			<xmin>105</xmin>
			<ymin>92</ymin>
			<xmax>136</xmax>
			<ymax>125</ymax>
		</bndbox>
	</object>
</annotation>
