<annotation>
	<folder>New folder</folder>
	<filename>pic71.jpg</filename>
	<path>C:\Users\Viren\Desktop\Freelancer\New folder\dataset\dataset\dark\New folder\pic71.jpg</path>
	<source>
		<database>Unknown</database>
	</source>
	<size>
		<width>119</width>
		<height>256</height>
		<depth>3</depth>
	</size>
	<segmented>0</segmented>
	<object>
		<name>Mask</name>
		<pose>Unspecified</pose>
		<truncated>0</truncated>
		<difficult>0</difficult>
		<bndbox>
			<xmin>16</xmin>
			<ymin>78</ymin>
			<xmax>62</xmax>
			<ymax>139</ymax>
		</bndbox>
	</object>
	<object>
		<name>Mask</name>
		<pose>Unspecified</pose>
		<truncated>0</truncated>
		<difficult>0</difficult>
		<bndbox>
			<xmin>47</xmin>
			<ymin>179</ymin>
			<xmax>93</xmax>
			<ymax>233</ymax>
		</bndbox>
	</object>
</annotation>
