<annotation>
	<folder>New folder</folder>
	<filename>pic80.jpg</filename>
	<path>C:\Users\Viren\Desktop\Freelancer\New folder\dataset\dataset\dark\New folder\pic80.jpg</path>
	<source>
		<database>Unknown</database>
	</source>
	<size>
		<width>320</width>
		<height>180</height>
		<depth>3</depth>
	</size>
	<segmented>0</segmented>
	<object>
		<name>Mask</name>
		<pose>Unspecified</pose>
		<truncated>0</truncated>
		<difficult>0</difficult>
		<bndbox>
			<xmin>148</xmin>
			<ymin>79</ymin>
			<xmax>174</xmax>
			<ymax>104</ymax>
		</bndbox>
	</object>
	<object>
		<name>Mask</name>
		<pose>Unspecified</pose>
		<truncated>0</truncated>
		<difficult>0</difficult>
		<bndbox>
			<xmin>178</xmin>
			<ymin>73</ymin>
			<xmax>196</xmax>
			<ymax>99</ymax>
		</bndbox>
	</object>
	<object>
		<name>Mask</name>
		<pose>Unspecified</pose>
		<truncated>0</truncated>
		<difficult>0</difficult>
		<bndbox>
			<xmin>199</xmin>
			<ymin>85</ymin>
			<xmax>213</xmax>
			<ymax>102</ymax>
		</bndbox>
	</object>
	<object>
		<name>Mask</name>
		<pose>Unspecified</pose>
		<truncated>0</truncated>
		<difficult>0</difficult>
		<bndbox>
			<xmin>234</xmin>
			<ymin>76</ymin>
			<xmax>251</xmax>
			<ymax>98</ymax>
		</bndbox>
	</object>
	<object>
		<name>Mask</name>
		<pose>Unspecified</pose>
		<truncated>0</truncated>
		<difficult>0</difficult>
		<bndbox>
			<xmin>278</xmin>
			<ymin>85</ymin>
			<xmax>297</xmax>
			<ymax>103</ymax>
		</bndbox>
	</object>
</annotation>
